method,collision_system,map_name,num_agents,seed,window_1_goals,window_2_goals,window_3_goals,window_4_goals,window_5_goals,window_6_goals,window_7_goals,window_8_goals,completed_targets,avg_throughput
EPOM-L,block_both,mazes-s40_wc4_od30,200,0,628,624,615,634,754,731,750,674,5410,1.32080078125
EPOM-L,block_both,mazes-s40_wc4_od30,200,42,710,729,696,672,703,697,700,719,5626,1.37353515625
EPOM-L,block_both,mazes-s40_wc4_od30,200,123,575,644,655,668,694,754,740,766,5496,1.341796875
EPOM-L,block_both,mazes-s40_wc4_od30,600,0,439,405,432,440,316,213,179,98,2522,0.61572265625
EPOM-L,block_both,mazes-s40_wc4_od30,600,42,368,345,389,308,398,519,513,471,3311,0.808349609375
EPOM-L,block_both,mazes-s40_wc4_od30,600,123,423,409,328,377,458,460,388,302,3145,0.767822265625
EPOM-L,block_both,mazes-s45_wc4_od55,200,0,525,527,489,573,485,530,537,528,4194,1.02392578125
EPOM-L,block_both,mazes-s45_wc4_od55,200,42,487,592,513,519,484,448,516,480,4039,0.986083984375
EPOM-L,block_both,mazes-s45_wc4_od55,200,123,494,556,567,510,546,538,582,571,4364,1.0654296875
EPOM-L,block_both,mazes-s45_wc4_od55,600,0,341,283,265,201,205,159,181,168,1803,0.440185546875
EPOM-L,block_both,mazes-s45_wc4_od55,600,42,364,289,246,153,121,189,154,193,1709,0.417236328125
EPOM-L,block_both,mazes-s45_wc4_od55,600,123,411,303,297,189,213,213,265,159,2050,0.50048828125
EPOM-L,block_both,random-s40_d0.15,200,0,1570,1547,1607,1592,1570,1641,1618,1576,12721,3.105712890625
EPOM-L,block_both,random-s40_d0.15,200,42,1545,1611,1609,1641,1629,1602,1614,1600,12851,3.137451171875
EPOM-L,block_both,random-s40_d0.15,200,123,1509,1612,1681,1590,1620,1638,1599,1605,12854,3.13818359375
EPOM-L,block_both,random-s40_d0.15,600,0,1657,1470,1470,1394,1234,1307,1355,1358,11245,2.745361328125
EPOM-L,block_both,random-s40_d0.15,600,42,1711,1377,1420,1378,1435,1363,1452,1515,11651,2.844482421875
EPOM-L,block_both,random-s40_d0.15,600,123,1798,1541,1608,1533,1508,1570,1505,1653,12716,3.1044921875
EPOM-L,block_both,random-s44_d0.35,200,0,1192,942,874,965,860,818,843,835,7329,1.789306640625
EPOM-L,block_both,random-s44_d0.35,200,42,1219,1157,975,888,901,819,892,782,7633,1.863525390625
EPOM-L,block_both,random-s44_d0.35,200,123,1124,1029,897,814,893,760,862,829,7208,1.759765625
EPOM-L,block_both,random-s44_d0.35,600,0,576,505,241,391,332,358,340,383,3126,0.76318359375
EPOM-L,block_both,random-s44_d0.35,600,42,485,356,247,251,213,90,95,69,1806,0.44091796875
EPOM-L,block_both,random-s44_d0.35,600,123,640,265,360,338,280,348,255,348,2834,0.69189453125
EPOM-L,block_both,sc1-TheFrozenSea,200,0,723,681,612,544,564,598,562,502,4786,1.16845703125
EPOM-L,block_both,sc1-TheFrozenSea,200,42,675,643,648,675,724,708,579,658,5310,1.29638671875
EPOM-L,block_both,sc1-TheFrozenSea,200,123,771,766,659,669,659,612,593,714,5443,1.328857421875
EPOM-L,block_both,sc1-TheFrozenSea,600,0,475,416,357,407,442,512,352,442,3403,0.830810546875
EPOM-L,block_both,sc1-TheFrozenSea,600,42,572,477,540,485,371,453,446,418,3762,0.91845703125
EPOM-L,block_both,sc1-TheFrozenSea,600,123,484,388,514,456,421,323,283,348,3217,0.785400390625
EPOM-L,block_both,sc1-Turbo,200,0,1507,1356,1139,1042,932,1050,1027,1279,9332,2.2783203125
EPOM-L,block_both,sc1-Turbo,200,42,1194,972,1062,890,1015,1364,1471,1380,9348,2.2822265625
EPOM-L,block_both,sc1-Turbo,200,123,1327,1355,1315,1378,1298,1442,1412,1263,10790,2.63427734375
EPOM-L,block_both,sc1-Turbo,600,0,1290,1169,1224,1138,1092,875,720,950,8458,2.06494140625
EPOM-L,block_both,sc1-Turbo,600,42,1046,668,903,1035,1040,663,662,396,6413,1.565673828125
EPOM-L,block_both,sc1-Turbo,600,123,1157,917,1024,947,946,814,693,552,7050,1.72119140625
EPOM-L,block_both,street-Shanghai_0,200,0,1018,847,743,769,754,692,789,735,6347,1.549560546875
EPOM-L,block_both,street-Shanghai_0,200,42,935,773,811,812,779,805,834,761,6510,1.58935546875
EPOM-L,block_both,street-Shanghai_0,200,123,950,873,978,764,751,730,806,708,6560,1.6015625
EPOM-L,block_both,street-Shanghai_0,600,0,1002,702,664,598,635,679,696,666,5642,1.37744140625
EPOM-L,block_both,street-Shanghai_0,600,42,1079,537,547,439,349,433,435,561,4380,1.0693359375
EPOM-L,block_both,street-Shanghai_0,600,123,955,671,513,493,558,685,702,717,5294,1.29248046875
EPOM-L,block_both,street-Sydney_0,200,0,934,751,662,666,614,602,549,676,5454,1.33154296875
EPOM-L,block_both,street-Sydney_0,200,42,983,761,655,691,881,811,673,733,6188,1.5107421875
EPOM-L,block_both,street-Sydney_0,200,123,1015,683,720,778,766,810,793,814,6379,1.557373046875
EPOM-L,block_both,street-Sydney_0,600,0,856,915,741,587,589,643,556,394,5281,1.289306640625
EPOM-L,block_both,street-Sydney_0,600,42,808,934,631,829,637,500,404,247,4990,1.21826171875
EPOM-L,block_both,street-Sydney_0,600,123,892,710,639,663,431,293,256,315,4199,1.025146484375
EPOM-L,soft,mazes-s40_wc4_od30,200,0,885,872,871,848,916,953,908,864,7117,1.737548828125
EPOM-L,soft,mazes-s40_wc4_od30,200,42,875,885,903,918,921,869,873,898,7142,1.74365234375
EPOM-L,soft,mazes-s40_wc4_od30,200,123,881,913,891,983,949,934,942,963,7456,1.8203125
EPOM-L,soft,mazes-s40_wc4_od30,600,0,784,821,805,816,563,260,88,35,4172,1.0185546875
EPOM-L,soft,mazes-s40_wc4_od30,600,42,793,844,849,868,863,777,673,421,6088,1.486328125
EPOM-L,soft,mazes-s40_wc4_od30,600,123,827,783,715,712,751,725,744,597,5854,1.42919921875
EPOM-L,soft,mazes-s45_wc4_od55,200,0,713,680,740,744,705,707,722,712,5723,1.397216796875
EPOM-L,soft,mazes-s45_wc4_od55,200,42,701,724,717,725,742,748,689,718,5764,1.4072265625
EPOM-L,soft,mazes-s45_wc4_od55,200,123,733,732,747,752,735,755,707,729,5890,1.43798828125
EPOM-L,soft,mazes-s45_wc4_od55,600,0,645,584,489,533,337,160,39,13,2800,0.68359375
EPOM-L,soft,mazes-s45_wc4_od55,600,42,618,517,319,305,290,230,112,37,2428,0.5927734375
EPOM-L,soft,mazes-s45_wc4_od55,600,123,596,530,439,483,394,301,134,59,2936,0.716796875
EPOM-L,soft,random-s40_d0.15,200,0,1802,1824,1839,1770,1809,1821,1787,1855,14507,3.541748046875
EPOM-L,soft,random-s40_d0.15,200,42,1823,1827,1831,1848,1840,1826,1804,1775,14574,3.55810546875
EPOM-L,soft,random-s40_d0.15,200,123,1780,1834,1897,1802,1913,1798,1822,1825,14671,3.581787109375
EPOM-L,soft,random-s40_d0.15,600,0,3314,3292,3088,3077,3173,3097,2956,3195,25192,6.150390625
EPOM-L,soft,random-s40_d0.15,600,42,3240,3201,2990,3294,3255,2827,3122,3140,25069,6.120361328125
EPOM-L,soft,random-s40_d0.15,600,123,2928,3006,2952,3312,3378,3229,3278,3348,25431,6.208740234375
EPOM-L,soft,random-s44_d0.35,200,0,1414,863,836,715,633,622,647,686,6416,1.56640625
EPOM-L,soft,random-s44_d0.35,200,42,1302,1082,1104,1035,900,719,754,718,7614,1.85888671875
EPOM-L,soft,random-s44_d0.35,200,123,1334,1022,1050,957,939,824,919,909,7954,1.94189453125
EPOM-L,soft,random-s44_d0.35,600,0,865,698,659,952,545,489,529,524,5261,1.284423828125
EPOM-L,soft,random-s44_d0.35,600,42,920,756,486,599,507,339,522,426,4555,1.112060546875
EPOM-L,soft,random-s44_d0.35,600,123,1211,821,522,820,730,653,268,490,5515,1.346435546875
EPOM-L,soft,sc1-TheFrozenSea,200,0,914,875,888,863,938,902,881,842,7103,1.734130859375
EPOM-L,soft,sc1-TheFrozenSea,200,42,1031,902,889,881,848,839,810,858,7058,1.72314453125
EPOM-L,soft,sc1-TheFrozenSea,200,123,989,906,861,905,848,910,896,797,7112,1.736328125
EPOM-L,soft,sc1-TheFrozenSea,600,0,951,795,816,879,889,838,864,861,6893,1.682861328125
EPOM-L,soft,sc1-TheFrozenSea,600,42,1141,932,782,831,815,743,799,760,6803,1.660888671875
EPOM-L,soft,sc1-TheFrozenSea,600,123,975,748,937,882,867,866,874,781,6930,1.69189453125
EPOM-L,soft,sc1-Turbo,200,0,2106,2034,1983,1915,1954,1866,1888,1825,15571,3.801513671875
EPOM-L,soft,sc1-Turbo,200,42,2176,1737,1911,1952,1877,1990,2089,1678,15410,3.76220703125
EPOM-L,soft,sc1-Turbo,200,123,1993,1764,1907,1749,1912,2004,1832,1897,15058,3.67626953125
EPOM-L,soft,sc1-Turbo,600,0,2641,1988,1915,2348,2379,2317,2212,2356,18156,4.4326171875
EPOM-L,soft,sc1-Turbo,600,42,2752,2317,2242,2107,2448,2470,1885,2253,18474,4.51025390625
EPOM-L,soft,sc1-Turbo,600,123,2836,2133,1919,2160,2123,2223,2387,2168,17949,4.382080078125
EPOM-L,soft,street-Shanghai_0,200,0,1170,994,1033,982,817,796,892,978,7662,1.87060546875
EPOM-L,soft,street-Shanghai_0,200,42,1247,1042,896,951,989,980,923,832,7860,1.9189453125
EPOM-L,soft,street-Shanghai_0,200,123,1231,989,908,888,823,898,831,884,7452,1.8193359375
EPOM-L,soft,street-Shanghai_0,600,0,1792,1214,1170,1040,1079,1325,1366,1209,10195,2.489013671875
EPOM-L,soft,street-Shanghai_0,600,42,1920,1276,1429,1452,1321,1151,1146,1141,10836,2.6455078125
EPOM-L,soft,street-Shanghai_0,600,123,1851,1471,1339,1314,1276,1248,1097,1048,10644,2.5986328125
EPOM-L,soft,street-Sydney_0,200,0,1389,1285,1230,1098,1103,1137,1114,1062,9418,2.29931640625
EPOM-L,soft,street-Sydney_0,200,42,1357,1222,1171,1126,1158,1077,987,1051,9149,2.233642578125
EPOM-L,soft,street-Sydney_0,200,123,1339,1239,1341,1224,1215,1157,1159,1138,9812,2.3955078125
EPOM-L,soft,street-Sydney_0,600,0,2041,1477,1650,1520,1348,1360,1274,1316,11986,2.92626953125
EPOM-L,soft,street-Sydney_0,600,42,2036,1841,1663,1474,1538,1238,1261,1183,12234,2.98681640625
EPOM-L,soft,street-Sydney_0,600,123,2218,1268,1385,1407,1398,1493,1603,1394,12166,2.97021484375
CAAR,block_both,mazes-s40_wc4_od30,200,0,686,570,669,717,690,793,786,738,5649,1.379150390625
CAAR,block_both,mazes-s40_wc4_od30,200,42,650,751,786,705,679,677,680,698,5626,1.37353515625
CAAR,block_both,mazes-s40_wc4_od30,200,123,650,756,727,756,830,746,800,787,6052,1.4775390625
CAAR,block_both,mazes-s40_wc4_od30,600,0,458,409,558,538,615,570,491,504,4143,1.011474609375
CAAR,block_both,mazes-s40_wc4_od30,600,42,446,411,532,375,341,338,388,498,3329,0.812744140625
CAAR,block_both,mazes-s40_wc4_od30,600,123,465,385,459,395,404,411,360,345,3224,0.787109375
CAAR,block_both,mazes-s45_wc4_od55,200,0,557,575,610,606,541,602,535,603,4629,1.130126953125
CAAR,block_both,mazes-s45_wc4_od55,200,42,562,673,572,539,610,558,567,595,4676,1.1416015625
CAAR,block_both,mazes-s45_wc4_od55,200,123,578,613,607,635,659,624,600,636,4952,1.208984375
CAAR,block_both,mazes-s45_wc4_od55,600,0,427,397,286,230,295,267,174,204,2280,0.556640625
CAAR,block_both,mazes-s45_wc4_od55,600,42,378,352,300,261,251,220,112,101,1975,0.482177734375
CAAR,block_both,mazes-s45_wc4_od55,600,123,359,383,397,353,307,285,225,138,2447,0.597412109375
CAAR,block_both,random-s40_d0.15,200,0,1563,1661,1691,1621,1604,1706,1677,1647,13170,3.21533203125
CAAR,block_both,random-s40_d0.15,200,42,1610,1617,1669,1685,1670,1638,1687,1632,13208,3.224609375
CAAR,block_both,random-s40_d0.15,200,123,1548,1689,1771,1592,1683,1685,1626,1675,13269,3.239501953125
CAAR,block_both,random-s40_d0.15,600,0,1873,1719,1726,1642,1645,1513,1457,1538,13113,3.201416015625
CAAR,block_both,random-s40_d0.15,600,42,1747,1680,1460,1447,1365,1518,1637,1509,12363,3.018310546875
CAAR,block_both,random-s40_d0.15,600,123,1803,1559,1378,1522,1592,1492,1637,1501,12484,3.0478515625
CAAR,block_both,random-s44_d0.35,200,0,1353,1030,948,1007,914,766,730,771,7519,1.835693359375
CAAR,block_both,random-s44_d0.35,200,42,1347,907,1053,983,889,839,876,786,7680,1.875
CAAR,block_both,random-s44_d0.35,200,123,1284,1095,1078,1030,1016,910,860,885,8158,1.99169921875
CAAR,block_both,random-s44_d0.35,600,0,534,456,415,536,367,299,315,300,3222,0.78662109375
CAAR,block_both,random-s44_d0.35,600,42,608,291,366,343,364,393,319,364,3048,0.744140625
CAAR,block_both,random-s44_d0.35,600,123,716,531,508,450,516,358,366,394,3839,0.937255859375
CAAR,block_both,sc1-TheFrozenSea,200,0,800,684,597,739,766,656,673,645,5560,1.357421875
CAAR,block_both,sc1-TheFrozenSea,200,42,756,670,614,606,582,502,578,571,4879,1.191162109375
CAAR,block_both,sc1-TheFrozenSea,200,123,762,711,664,660,626,720,732,705,5580,1.3623046875
CAAR,block_both,sc1-TheFrozenSea,600,0,625,479,343,373,455,449,462,511,3697,0.902587890625
CAAR,block_both,sc1-TheFrozenSea,600,42,575,494,539,522,505,521,338,420,3914,0.95556640625
CAAR,block_both,sc1-TheFrozenSea,600,123,654,522,461,480,476,444,522,503,4062,0.99169921875
CAAR,block_both,sc1-Turbo,200,0,1306,1309,1178,1285,1330,1303,1338,1339,10388,2.5361328125
CAAR,block_both,sc1-Turbo,200,42,1495,1386,1449,1295,1179,1119,1223,1227,10373,2.532470703125
CAAR,block_both,sc1-Turbo,200,123,1323,1317,1265,1200,1278,1138,1203,1161,9885,2.413330078125
CAAR,block_both,sc1-Turbo,600,0,1453,1301,1177,1019,1143,1162,1182,1095,9532,2.3271484375
CAAR,block_both,sc1-Turbo,600,42,1279,880,1341,1284,915,953,1138,923,8713,2.127197265625
CAAR,block_both,sc1-Turbo,600,123,1373,1203,1007,942,971,799,717,678,7690,1.87744140625
CAAR,block_both,street-Shanghai_0,200,0,866,728,740,680,723,632,645,672,5686,1.38818359375
CAAR,block_both,street-Shanghai_0,200,42,1048,872,718,759,753,767,737,745,6399,1.562255859375
CAAR,block_both,street-Shanghai_0,200,123,1057,805,761,782,729,667,631,657,6089,1.486572265625
CAAR,block_both,street-Shanghai_0,600,0,1176,522,486,390,387,425,484,463,4333,1.057861328125
CAAR,block_both,street-Shanghai_0,600,42,1156,774,804,681,510,570,590,601,5686,1.38818359375
CAAR,block_both,street-Shanghai_0,600,123,995,676,511,449,560,499,457,540,4687,1.144287109375
CAAR,block_both,street-Sydney_0,200,0,877,629,683,639,623,598,635,712,5396,1.3173828125
CAAR,block_both,street-Sydney_0,200,42,937,759,635,581,662,717,636,580,5507,1.344482421875
CAAR,block_both,street-Sydney_0,200,123,1047,764,630,658,730,825,807,766,6227,1.520263671875
CAAR,block_both,street-Sydney_0,600,0,797,1020,898,767,543,582,735,586,5928,1.447265625
CAAR,block_both,street-Sydney_0,600,42,992,841,620,658,621,517,637,661,5547,1.354248046875
CAAR,block_both,street-Sydney_0,600,123,1096,786,752,696,699,786,696,674,6185,1.510009765625
CAAR,soft,mazes-s40_wc4_od30,200,0,936,895,945,916,940,953,910,905,7400,1.806640625
CAAR,soft,mazes-s40_wc4_od30,200,42,957,934,952,787,816,907,928,873,7154,1.74658203125
CAAR,soft,mazes-s40_wc4_od30,200,123,977,953,958,956,953,925,930,928,7580,1.8505859375
CAAR,soft,mazes-s40_wc4_od30,600,0,801,871,758,623,732,651,626,680,5742,1.40185546875
CAAR,soft,mazes-s40_wc4_od30,600,42,758,798,687,531,542,786,742,524,5368,1.310546875
CAAR,soft,mazes-s40_wc4_od30,600,123,853,759,613,576,602,563,601,602,5169,1.261962890625
CAAR,soft,mazes-s45_wc4_od55,200,0,772,740,787,701,739,732,705,752,5928,1.447265625
CAAR,soft,mazes-s45_wc4_od55,200,42,751,780,713,754,755,748,734,756,5991,1.462646484375
CAAR,soft,mazes-s45_wc4_od55,200,123,779,764,779,769,752,780,738,747,6108,1.4912109375
CAAR,soft,mazes-s45_wc4_od55,600,0,694,543,483,551,490,382,261,123,3527,0.861083984375
CAAR,soft,mazes-s45_wc4_od55,600,42,704,527,520,537,377,313,212,129,3319,0.810302734375
CAAR,soft,mazes-s45_wc4_od55,600,123,708,568,456,425,427,335,191,133,3243,0.791748046875
CAAR,soft,random-s40_d0.15,200,0,1836,1893,1892,1846,1869,1885,1875,1906,15002,3.66259765625
CAAR,soft,random-s40_d0.15,200,42,1867,1874,1896,1885,1890,1889,1858,1864,15023,3.667724609375
CAAR,soft,random-s40_d0.15,200,123,1830,1910,1925,1863,1935,1885,1880,1864,15092,3.6845703125
CAAR,soft,random-s40_d0.15,600,0,3330,3138,2818,2819,3117,3036,3060,2859,24177,5.902587890625
CAAR,soft,random-s40_d0.15,600,42,3232,3267,2909,2896,3148,3034,2991,3133,24610,6.00830078125
CAAR,soft,random-s40_d0.15,600,123,3075,3029,2946,3032,3074,2891,2965,2967,23979,5.854248046875
CAAR,soft,random-s44_d0.35,200,0,1495,999,1113,1092,921,839,849,771,8079,1.972412109375
CAAR,soft,random-s44_d0.35,200,42,1372,1039,1140,1147,1119,1099,1143,1011,9070,2.21435546875
CAAR,soft,random-s44_d0.35,200,123,1294,1225,1041,1004,1093,1014,934,980,8585,2.095947265625
CAAR,soft,random-s44_d0.35,600,0,1068,852,973,725,736,1001,758,815,6928,1.69140625
CAAR,soft,random-s44_d0.35,600,42,1013,595,677,693,343,524,732,584,5161,1.260009765625
CAAR,soft,random-s44_d0.35,600,123,1120,784,952,811,698,742,931,973,7011,1.711669921875
CAAR,soft,sc1-TheFrozenSea,200,0,969,857,859,850,888,865,824,881,6993,1.707275390625
CAAR,soft,sc1-TheFrozenSea,200,42,1017,875,876,889,857,867,799,874,7054,1.72216796875
CAAR,soft,sc1-TheFrozenSea,200,123,970,870,769,728,869,889,834,882,6811,1.662841796875
CAAR,soft,sc1-TheFrozenSea,600,0,1090,892,898,802,819,779,755,785,6820,1.6650390625
CAAR,soft,sc1-TheFrozenSea,600,42,1058,907,751,760,734,703,672,645,6230,1.52099609375
CAAR,soft,sc1-TheFrozenSea,600,123,1016,817,829,856,810,805,850,788,6771,1.653076171875
CAAR,soft,sc1-Turbo,200,0,2031,1931,1857,1923,1916,1887,1725,1754,15024,3.66796875
CAAR,soft,sc1-Turbo,200,42,2147,1887,2050,1996,1985,1986,1976,1963,15990,3.90380859375
CAAR,soft,sc1-Turbo,200,123,2003,1786,1844,1867,1973,1899,1851,1822,15045,3.673095703125
CAAR,soft,sc1-Turbo,600,0,2687,2584,2703,2069,1904,1961,1898,1937,17743,4.331787109375
CAAR,soft,sc1-Turbo,600,42,2637,2336,2594,2237,2662,2662,2433,2410,19971,4.875732421875
CAAR,soft,sc1-Turbo,600,123,2684,2192,2357,2176,2188,2056,2182,2141,17976,4.388671875
CAAR,soft,street-Shanghai_0,200,0,1235,901,858,712,724,779,821,831,6861,1.675048828125
CAAR,soft,street-Shanghai_0,200,42,1277,1021,909,867,777,914,813,798,7376,1.80078125
CAAR,soft,street-Shanghai_0,200,123,1309,1006,810,769,771,886,895,767,7213,1.760986328125
CAAR,soft,street-Shanghai_0,600,0,2096,1511,1527,1271,1331,1225,1151,1129,11241,2.744384765625
CAAR,soft,street-Shanghai_0,600,42,2009,1687,1388,1233,1217,1309,1230,1131,11204,2.7353515625
CAAR,soft,street-Shanghai_0,600,123,2122,1438,1380,1338,1252,1255,1035,924,10744,2.623046875
CAAR,soft,street-Sydney_0,200,0,1407,1237,1200,1110,1077,1132,1036,975,9174,2.23974609375
CAAR,soft,street-Sydney_0,200,42,1404,1192,1118,978,1094,1072,1049,1038,8945,2.183837890625
CAAR,soft,street-Sydney_0,200,123,1331,1291,1262,1214,1161,1052,1062,1008,9381,2.290283203125
CAAR,soft,street-Sydney_0,600,0,1970,976,1112,1170,1232,1264,1223,1077,10024,2.447265625
CAAR,soft,street-Sydney_0,600,42,2117,1166,1352,1264,1268,1175,1225,1097,10664,2.603515625
CAAR,soft,street-Sydney_0,600,123,2071,1416,1252,1230,1096,1172,1211,1132,10580,2.5830078125
SRSLM,block_both,mazes-s40_wc4_od30,200,0,817,759,790,787,788,864,757,835,6397,1.561767578125
SRSLM,block_both,mazes-s40_wc4_od30,200,42,803,801,802,728,766,767,777,761,6205,1.514892578125
SRSLM,block_both,mazes-s40_wc4_od30,200,123,804,764,789,812,794,779,737,779,6258,1.52783203125
SRSLM,block_both,mazes-s40_wc4_od30,600,0,544,540,537,474,441,327,335,283,3481,0.849853515625
SRSLM,block_both,mazes-s40_wc4_od30,600,42,580,554,562,458,402,354,314,294,3518,0.85888671875
SRSLM,block_both,mazes-s40_wc4_od30,600,123,632,611,504,493,447,341,284,317,3629,0.885986328125
SRSLM,block_both,mazes-s45_wc4_od55,200,0,657,667,637,631,615,644,590,653,5094,1.24365234375
SRSLM,block_both,mazes-s45_wc4_od55,200,42,681,639,609,608,619,581,608,608,4953,1.209228515625
SRSLM,block_both,mazes-s45_wc4_od55,200,123,641,702,619,584,643,592,647,637,5065,1.236572265625
SRSLM,block_both,mazes-s45_wc4_od55,600,0,554,422,396,334,258,166,217,203,2550,0.62255859375
SRSLM,block_both,mazes-s45_wc4_od55,600,42,521,399,333,321,274,225,161,213,2447,0.597412109375
SRSLM,block_both,mazes-s45_wc4_od55,600,123,535,435,401,291,239,178,201,183,2463,0.601318359375
SRSLM,block_both,random-s40_d0.15,200,0,1674,1690,1733,1715,1657,1759,1704,1728,13660,3.3349609375
SRSLM,block_both,random-s40_d0.15,200,42,1663,1707,1714,1741,1736,1717,1738,1711,13727,3.351318359375
SRSLM,block_both,random-s40_d0.15,200,123,1649,1745,1808,1662,1771,1753,1706,1721,13815,3.372802734375
SRSLM,block_both,random-s40_d0.15,600,0,2082,1919,1681,1677,1577,1574,1559,1564,13633,3.328369140625
SRSLM,block_both,random-s40_d0.15,600,42,2001,1793,1879,1657,1666,1624,1790,1688,14098,3.44189453125
SRSLM,block_both,random-s40_d0.15,600,123,2081,1784,1836,1724,1646,1597,1543,1599,13810,3.37158203125
SRSLM,block_both,random-s44_d0.35,200,0,1498,1298,1261,1021,967,959,1044,1020,9068,2.2138671875
SRSLM,block_both,random-s44_d0.35,200,42,1368,1186,1122,1083,1086,990,1198,1070,9103,2.222412109375
SRSLM,block_both,random-s44_d0.35,200,123,1323,1244,1157,1157,1127,1070,1140,1113,9331,2.278076171875
SRSLM,block_both,random-s44_d0.35,600,0,966,669,718,655,529,578,657,680,5452,1.3310546875
SRSLM,block_both,random-s44_d0.35,600,42,591,381,507,315,310,373,386,365,3228,0.7880859375
SRSLM,block_both,random-s44_d0.35,600,123,905,842,919,689,581,513,635,586,5670,1.38427734375
SRSLM,block_both,sc1-TheFrozenSea,200,0,839,791,770,748,777,813,712,767,6217,1.517822265625
SRSLM,block_both,sc1-TheFrozenSea,200,42,812,787,729,829,765,758,764,751,6195,1.512451171875
SRSLM,block_both,sc1-TheFrozenSea,200,123,872,812,754,758,737,763,774,780,6250,1.52587890625
SRSLM,block_both,sc1-TheFrozenSea,600,0,844,653,557,540,525,533,466,434,4552,1.111328125
SRSLM,block_both,sc1-TheFrozenSea,600,42,855,634,573,553,475,457,456,490,4493,1.096923828125
SRSLM,block_both,sc1-TheFrozenSea,600,123,845,687,589,553,554,507,546,444,4725,1.153564453125
SRSLM,block_both,sc1-Turbo,200,0,1784,1735,1626,1614,1653,1695,1751,1761,13619,3.324951171875
SRSLM,block_both,sc1-Turbo,200,42,1811,1734,1790,1680,1704,1719,1771,1773,13982,3.41357421875
SRSLM,block_both,sc1-Turbo,200,123,1696,1630,1470,1450,1623,1476,1638,1614,12597,3.075439453125
SRSLM,block_both,sc1-Turbo,600,0,1734,1532,1393,1341,1624,1598,1584,1606,12412,3.0302734375
SRSLM,block_both,sc1-Turbo,600,42,1739,1417,1377,1198,1200,1430,1694,1484,11539,2.817138671875
SRSLM,block_both,sc1-Turbo,600,123,1475,1498,1413,1581,1611,1448,1297,1157,11480,2.802734375
SRSLM,block_both,street-Shanghai_0,200,0,1036,866,719,761,710,752,671,672,6187,1.510498046875
SRSLM,block_both,street-Shanghai_0,200,42,1020,950,772,852,774,790,679,585,6422,1.56787109375
SRSLM,block_both,street-Shanghai_0,200,123,1043,872,809,667,579,563,690,753,5976,1.458984375
SRSLM,block_both,street-Shanghai_0,600,0,1268,864,800,676,685,674,674,645,6286,1.53466796875
SRSLM,block_both,street-Shanghai_0,600,42,1239,789,712,720,740,707,653,676,6236,1.5224609375
SRSLM,block_both,street-Shanghai_0,600,123,1192,890,792,793,740,689,678,620,6394,1.56103515625
SRSLM,block_both,street-Sydney_0,200,0,1129,1074,1067,1002,959,1031,1036,879,8177,1.996337890625
SRSLM,block_both,street-Sydney_0,200,42,1139,953,987,879,1045,891,867,941,7702,1.88037109375
SRSLM,block_both,street-Sydney_0,200,123,1111,1059,1059,1031,1006,1012,1008,937,8223,2.007568359375
SRSLM,block_both,street-Sydney_0,600,0,1318,1189,771,731,757,685,713,680,6844,1.6708984375
SRSLM,block_both,street-Sydney_0,600,42,1484,1128,900,825,775,696,751,773,7332,1.7900390625
SRSLM,block_both,street-Sydney_0,600,123,1345,997,901,871,670,704,767,659,6914,1.68798828125
SRSLM,soft,mazes-s40_wc4_od30,200,0,984,947,942,989,959,952,942,958,7673,1.873291015625
SRSLM,soft,mazes-s40_wc4_od30,200,42,985,994,968,992,955,971,969,947,7781,1.899658203125
SRSLM,soft,mazes-s40_wc4_od30,200,123,995,972,987,1027,1021,979,1012,999,7992,1.951171875
SRSLM,soft,mazes-s40_wc4_od30,600,0,915,912,735,754,703,640,557,422,5638,1.37646484375
SRSLM,soft,mazes-s40_wc4_od30,600,42,989,919,878,821,795,767,716,697,6582,1.60693359375
SRSLM,soft,mazes-s40_wc4_od30,600,123,952,932,820,893,790,700,559,434,6080,1.484375
SRSLM,soft,mazes-s45_wc4_od55,200,0,796,813,791,750,741,795,785,790,6261,1.528564453125
SRSLM,soft,mazes-s45_wc4_od55,200,42,802,789,769,792,783,787,811,765,6298,1.53759765625
SRSLM,soft,mazes-s45_wc4_od55,200,123,842,801,833,804,828,792,843,794,6537,1.595947265625
SRSLM,soft,mazes-s45_wc4_od55,600,0,783,597,498,428,348,419,360,246,3679,0.898193359375
SRSLM,soft,mazes-s45_wc4_od55,600,42,784,661,568,428,327,352,321,197,3638,0.88818359375
SRSLM,soft,mazes-s45_wc4_od55,600,123,776,685,539,407,339,330,269,209,3554,0.86767578125
SRSLM,soft,random-s40_d0.15,200,0,1847,1857,1928,1842,1906,1935,1883,1926,15124,3.6923828125
SRSLM,soft,random-s40_d0.15,200,42,1860,1892,1919,1908,1907,1913,1857,1889,15145,3.697509765625
SRSLM,soft,random-s40_d0.15,200,123,1809,1930,1951,1873,1981,1871,1901,1885,15201,3.711181640625
SRSLM,soft,random-s40_d0.15,600,0,3503,3614,3453,3470,3451,3459,3396,3277,27623,6.743896484375
SRSLM,soft,random-s40_d0.15,600,42,3439,3493,3457,3480,3534,3351,3434,3426,27614,6.74169921875
SRSLM,soft,random-s40_d0.15,600,123,3408,3622,3418,3429,3499,3504,3501,3356,27737,6.771728515625
SRSLM,soft,random-s44_d0.35,200,0,1636,1362,1203,1132,1129,1231,1164,1277,10134,2.47412109375
SRSLM,soft,random-s44_d0.35,200,42,1686,1312,1176,1236,1310,1141,1272,1183,10316,2.5185546875
SRSLM,soft,random-s44_d0.35,200,123,1460,1371,1251,1241,1235,1146,1186,1191,10081,2.461181640625
SRSLM,soft,random-s44_d0.35,600,0,1602,1246,1102,1085,1218,1166,1183,1207,9809,2.394775390625
SRSLM,soft,random-s44_d0.35,600,42,1286,928,648,733,779,744,657,740,6515,1.590576171875
SRSLM,soft,random-s44_d0.35,600,123,1584,1159,1291,1293,1295,1040,1191,1087,9940,2.4267578125
SRSLM,soft,sc1-TheFrozenSea,200,0,1040,963,931,982,956,940,870,933,7615,1.859130859375
SRSLM,soft,sc1-TheFrozenSea,200,42,994,961,944,897,901,937,905,944,7483,1.826904296875
SRSLM,soft,sc1-TheFrozenSea,200,123,1006,888,871,856,887,889,905,924,7226,1.76416015625
SRSLM,soft,sc1-TheFrozenSea,600,0,1308,1074,967,1086,925,893,912,850,8015,1.956787109375
SRSLM,soft,sc1-TheFrozenSea,600,42,1327,1146,1034,943,875,869,887,877,7958,1.94287109375
SRSLM,soft,sc1-TheFrozenSea,600,123,1306,1131,1058,876,880,857,818,873,7799,1.904052734375
SRSLM,soft,sc1-Turbo,200,0,2126,2028,1922,2039,1943,1832,1996,1858,15744,3.84375
SRSLM,soft,sc1-Turbo,200,42,2230,2166,2063,2149,2063,2035,2069,2068,16843,4.112060546875
SRSLM,soft,sc1-Turbo,200,123,2144,2117,2028,2011,2053,2026,1999,1994,16372,3.9970703125
SRSLM,soft,sc1-Turbo,600,0,3165,2874,2812,2734,2781,2691,2784,3095,22936,5.599609375
SRSLM,soft,sc1-Turbo,600,42,3410,2934,2932,2809,2712,2852,2344,2576,22569,5.510009765625
SRSLM,soft,sc1-Turbo,600,123,2944,2969,2774,2265,2270,2136,2247,2272,19877,4.852783203125
SRSLM,soft,street-Shanghai_0,200,0,1204,1015,957,928,831,836,940,931,7642,1.86572265625
SRSLM,soft,street-Shanghai_0,200,42,1239,1069,915,912,805,869,807,782,7398,1.80615234375
SRSLM,soft,street-Shanghai_0,200,123,1212,1052,1016,882,914,832,897,853,7658,1.86962890625
SRSLM,soft,street-Shanghai_0,600,0,2173,1601,1434,1250,1290,1223,1068,1002,11041,2.695556640625
SRSLM,soft,street-Shanghai_0,600,42,2184,1581,1414,1346,1273,1182,1209,1180,11369,2.775634765625
SRSLM,soft,street-Shanghai_0,600,123,2104,1663,1393,1327,1274,1266,1252,1112,11391,2.781005859375
SRSLM,soft,street-Sydney_0,200,0,1412,1338,1251,1198,1147,1130,1115,1097,9688,2.365234375
SRSLM,soft,street-Sydney_0,200,42,1393,1254,1165,1219,1153,1140,1123,1114,9561,2.334228515625
SRSLM,soft,street-Sydney_0,200,123,1458,1298,1271,1251,1214,1272,1162,1108,10034,2.44970703125
SRSLM,soft,street-Sydney_0,600,0,2349,1696,1413,1305,1151,1045,1169,1069,11197,2.733642578125
SRSLM,soft,street-Sydney_0,600,42,2293,1542,1352,1125,1019,989,1067,1167,10554,2.57666015625
SRSLM,soft,street-Sydney_0,600,123,2198,1534,1314,1104,1124,1186,1149,1114,10723,2.617919921875
