method,collision_system,map_name,num_agents,seed,on_target,max_steps,obs_radius,episode_steps,completed_agents,ISR,CSR
AORePlan,block_both,mazes-s40_wc4_od30,100,0,finish,512,5,512,98,0.98,0.0
AORePlan,block_both,mazes-s40_wc4_od30,100,42,finish,512,5,512,96,0.96,0.0
AORePlan,block_both,mazes-s40_wc4_od30,300,0,finish,512,5,512,298,0.9933333333333333,0.0
AORePlan,block_both,mazes-s40_wc4_od30,300,42,finish,512,5,512,296,0.9866666666666667,0.0
AORePlan,block_both,mazes-s40_wc4_od30,600,0,finish,512,5,512,392,0.6533333333333333,0.0
AORePlan,block_both,mazes-s40_wc4_od30,600,42,finish,512,5,512,441,0.735,0.0
AORePlan,block_both,random-s40_d0.15,100,0,finish,512,5,512,93,0.93,0.0
AORePlan,block_both,random-s40_d0.15,100,42,finish,512,5,512,95,0.95,0.0
AORePlan,block_both,random-s40_d0.15,300,0,finish,512,5,512,296,0.9866666666666667,0.0
AORePlan,block_both,random-s40_d0.15,300,42,finish,512,5,512,297,0.99,0.0
AORePlan,block_both,random-s40_d0.15,600,0,finish,512,5,512,595,0.9916666666666667,0.0
AORePlan,block_both,random-s40_d0.15,600,42,finish,512,5,512,598,0.9966666666666667,0.0
AORePlan,block_both,sc1-TheFrozenSea,100,0,finish,512,5,512,95,0.95,0.0
AORePlan,block_both,sc1-TheFrozenSea,100,42,finish,512,5,512,97,0.97,0.0
AORePlan,block_both,sc1-TheFrozenSea,300,0,finish,512,5,512,296,0.9866666666666667,0.0
AORePlan,block_both,sc1-TheFrozenSea,300,42,finish,512,5,353,300,1.0,1.0
AORePlan,block_both,sc1-TheFrozenSea,600,0,finish,512,5,512,521,0.8683333333333333,0.0
AORePlan,block_both,sc1-TheFrozenSea,600,42,finish,512,5,512,497,0.8283333333333334,0.0
AORePlan,block_both,street-Shanghai_0,100,0,finish,512,5,512,98,0.98,0.0
AORePlan,block_both,street-Shanghai_0,100,42,finish,512,5,231,100,1.0,1.0
AORePlan,block_both,street-Shanghai_0,300,0,finish,512,5,512,295,0.9833333333333333,0.0
AORePlan,block_both,street-Shanghai_0,300,42,finish,512,5,512,298,0.9933333333333333,0.0
AORePlan,block_both,street-Shanghai_0,600,0,finish,512,5,512,570,0.95,0.0
AORePlan,block_both,street-Shanghai_0,600,42,finish,512,5,512,581,0.9683333333333334,0.0
AORePlan,soft,mazes-s40_wc4_od30,100,0,finish,512,5,174,100,1.0,1.0
AORePlan,soft,mazes-s40_wc4_od30,100,42,finish,512,5,512,98,0.98,0.0
AORePlan,soft,mazes-s40_wc4_od30,300,0,finish,512,5,341,300,1.0,1.0
AORePlan,soft,mazes-s40_wc4_od30,300,42,finish,512,5,332,300,1.0,1.0
AORePlan,soft,mazes-s40_wc4_od30,600,0,finish,512,5,512,550,0.9166666666666666,0.0
AORePlan,soft,mazes-s40_wc4_od30,600,42,finish,512,5,512,543,0.905,0.0
AORePlan,soft,random-s40_d0.15,100,0,finish,512,5,512,98,0.98,0.0
AORePlan,soft,random-s40_d0.15,100,42,finish,512,5,99,100,1.0,1.0
AORePlan,soft,random-s40_d0.15,300,0,finish,512,5,127,300,1.0,1.0
AORePlan,soft,random-s40_d0.15,300,42,finish,512,5,118,300,1.0,1.0
AORePlan,soft,random-s40_d0.15,600,0,finish,512,5,512,596,0.9933333333333333,0.0
AORePlan,soft,random-s40_d0.15,600,42,finish,512,5,191,600,1.0,1.0
AORePlan,soft,sc1-TheFrozenSea,100,0,finish,512,5,166,100,1.0,1.0
AORePlan,soft,sc1-TheFrozenSea,100,42,finish,512,5,512,98,0.98,0.0
AORePlan,soft,sc1-TheFrozenSea,300,0,finish,512,5,512,298,0.9933333333333333,0.0
AORePlan,soft,sc1-TheFrozenSea,300,42,finish,512,5,316,300,1.0,1.0
AORePlan,soft,sc1-TheFrozenSea,600,0,finish,512,5,512,580,0.9666666666666667,0.0
AORePlan,soft,sc1-TheFrozenSea,600,42,finish,512,5,503,600,1.0,1.0
AORePlan,soft,street-Shanghai_0,100,0,finish,512,5,258,100,1.0,1.0
AORePlan,soft,street-Shanghai_0,100,42,finish,512,5,257,100,1.0,1.0
AORePlan,soft,street-Shanghai_0,300,0,finish,512,5,512,296,0.9866666666666667,0.0
AORePlan,soft,street-Shanghai_0,300,42,finish,512,5,302,300,1.0,1.0
AORePlan,soft,street-Shanghai_0,600,0,finish,512,5,512,597,0.995,0.0
AORePlan,soft,street-Shanghai_0,600,42,finish,512,5,512,599,0.9983333333333333,0.0
ARPE,block_both,mazes-s40_wc4_od30,100,0,finish,512,5,171,100,1.0,1.0
ARPE,block_both,mazes-s40_wc4_od30,100,42,finish,512,5,512,98,0.98,0.0
ARPE,block_both,mazes-s40_wc4_od30,300,0,finish,512,5,512,299,0.9966666666666667,0.0
ARPE,block_both,mazes-s40_wc4_od30,300,42,finish,512,5,512,296,0.9866666666666667,0.0
ARPE,block_both,mazes-s40_wc4_od30,600,0,finish,512,5,512,552,0.92,0.0
ARPE,block_both,mazes-s40_wc4_od30,600,42,finish,512,5,512,559,0.9316666666666666,0.0
ARPE,block_both,random-s40_d0.15,100,0,finish,512,5,109,100,1.0,1.0
ARPE,block_both,random-s40_d0.15,100,42,finish,512,5,139,100,1.0,1.0
ARPE,block_both,random-s40_d0.15,300,0,finish,512,5,512,298,0.9933333333333333,0.0
ARPE,block_both,random-s40_d0.15,300,42,finish,512,5,173,300,1.0,1.0
ARPE,block_both,random-s40_d0.15,600,0,finish,512,5,338,600,1.0,1.0
ARPE,block_both,random-s40_d0.15,600,42,finish,512,5,353,600,1.0,1.0
ARPE,block_both,sc1-TheFrozenSea,100,0,finish,512,5,210,100,1.0,1.0
ARPE,block_both,sc1-TheFrozenSea,100,42,finish,512,5,346,100,1.0,1.0
ARPE,block_both,sc1-TheFrozenSea,300,0,finish,512,5,512,298,0.9933333333333333,0.0
ARPE,block_both,sc1-TheFrozenSea,300,42,finish,512,5,512,299,0.9966666666666667,0.0
ARPE,block_both,sc1-TheFrozenSea,600,0,finish,512,5,512,560,0.9333333333333333,0.0
ARPE,block_both,sc1-TheFrozenSea,600,42,finish,512,5,512,536,0.8933333333333333,0.0
ARPE,block_both,street-Shanghai_0,100,0,finish,512,5,512,98,0.98,0.0
ARPE,block_both,street-Shanghai_0,100,42,finish,512,5,512,98,0.98,0.0
ARPE,block_both,street-Shanghai_0,300,0,finish,512,5,512,297,0.99,0.0
ARPE,block_both,street-Shanghai_0,300,42,finish,512,5,512,298,0.9933333333333333,0.0
ARPE,block_both,street-Shanghai_0,600,0,finish,512,5,512,590,0.9833333333333333,0.0
ARPE,block_both,street-Shanghai_0,600,42,finish,512,5,512,501,0.835,0.0
ARPE,soft,mazes-s40_wc4_od30,100,0,finish,512,5,180,100,1.0,1.0
ARPE,soft,mazes-s40_wc4_od30,100,42,finish,512,5,512,98,0.98,0.0
ARPE,soft,mazes-s40_wc4_od30,300,0,finish,512,5,512,299,0.9966666666666667,0.0
ARPE,soft,mazes-s40_wc4_od30,300,42,finish,512,5,268,300,1.0,1.0
ARPE,soft,mazes-s40_wc4_od30,600,0,finish,512,5,512,597,0.995,0.0
ARPE,soft,mazes-s40_wc4_od30,600,42,finish,512,5,512,599,0.9983333333333333,0.0
ARPE,soft,random-s40_d0.15,100,0,finish,512,5,113,100,1.0,1.0
ARPE,soft,random-s40_d0.15,100,42,finish,512,5,88,100,1.0,1.0
ARPE,soft,random-s40_d0.15,300,0,finish,512,5,120,300,1.0,1.0
ARPE,soft,random-s40_d0.15,300,42,finish,512,5,123,300,1.0,1.0
ARPE,soft,random-s40_d0.15,600,0,finish,512,5,152,600,1.0,1.0
ARPE,soft,random-s40_d0.15,600,42,finish,512,5,164,600,1.0,1.0
ARPE,soft,sc1-TheFrozenSea,100,0,finish,512,5,212,100,1.0,1.0
ARPE,soft,sc1-TheFrozenSea,100,42,finish,512,5,512,99,0.99,0.0
ARPE,soft,sc1-TheFrozenSea,300,0,finish,512,5,460,300,1.0,1.0
ARPE,soft,sc1-TheFrozenSea,300,42,finish,512,5,387,300,1.0,1.0
ARPE,soft,sc1-TheFrozenSea,600,0,finish,512,5,512,593,0.9883333333333333,0.0
ARPE,soft,sc1-TheFrozenSea,600,42,finish,512,5,512,599,0.9983333333333333,0.0
ARPE,soft,street-Shanghai_0,100,0,finish,512,5,512,99,0.99,0.0
ARPE,soft,street-Shanghai_0,100,42,finish,512,5,210,100,1.0,1.0
ARPE,soft,street-Shanghai_0,300,0,finish,512,5,298,300,1.0,1.0
ARPE,soft,street-Shanghai_0,300,42,finish,512,5,512,297,0.99,0.0
ARPE,soft,street-Shanghai_0,600,0,finish,512,5,512,596,0.9933333333333333,0.0
ARPE,soft,street-Shanghai_0,600,42,finish,512,5,512,593,0.9883333333333333,0.0
PIBT,block_both,mazes-s40_wc4_od30,100,0,finish,512,5,139,100,1.0,1.0
PIBT,block_both,mazes-s40_wc4_od30,100,42,finish,512,5,132,100,1.0,1.0
PIBT,block_both,mazes-s40_wc4_od30,300,0,finish,512,5,512,214,0.7133333333333334,0.0
PIBT,block_both,mazes-s40_wc4_od30,300,42,finish,512,5,512,230,0.7666666666666667,0.0
PIBT,block_both,mazes-s40_wc4_od30,600,0,finish,512,5,512,327,0.545,0.0
PIBT,block_both,mazes-s40_wc4_od30,600,42,finish,512,5,512,294,0.49,0.0
PIBT,block_both,random-s40_d0.15,100,0,finish,512,5,109,100,1.0,1.0
PIBT,block_both,random-s40_d0.15,100,42,finish,512,5,84,100,1.0,1.0
PIBT,block_both,random-s40_d0.15,300,0,finish,512,5,130,300,1.0,1.0
PIBT,block_both,random-s40_d0.15,300,42,finish,512,5,135,300,1.0,1.0
PIBT,block_both,random-s40_d0.15,600,0,finish,512,5,512,557,0.9283333333333333,0.0
PIBT,block_both,random-s40_d0.15,600,42,finish,512,5,321,600,1.0,1.0
PIBT,block_both,sc1-TheFrozenSea,100,0,finish,512,5,166,100,1.0,1.0
PIBT,block_both,sc1-TheFrozenSea,100,42,finish,512,5,512,91,0.91,0.0
PIBT,block_both,sc1-TheFrozenSea,300,0,finish,512,5,512,270,0.9,0.0
PIBT,block_both,sc1-TheFrozenSea,300,42,finish,512,5,512,284,0.9466666666666667,0.0
PIBT,block_both,sc1-TheFrozenSea,600,0,finish,512,5,512,306,0.51,0.0
PIBT,block_both,sc1-TheFrozenSea,600,42,finish,512,5,512,325,0.5416666666666666,0.0
PIBT,block_both,street-Shanghai_0,100,0,finish,512,5,106,100,1.0,1.0
PIBT,block_both,street-Shanghai_0,100,42,finish,512,5,106,100,1.0,1.0
PIBT,block_both,street-Shanghai_0,300,0,finish,512,5,416,300,1.0,1.0
PIBT,block_both,street-Shanghai_0,300,42,finish,512,5,512,290,0.9666666666666667,0.0
PIBT,block_both,street-Shanghai_0,600,0,finish,512,5,512,406,0.6766666666666666,0.0
PIBT,block_both,street-Shanghai_0,600,42,finish,512,5,512,460,0.7666666666666667,0.0
PIBT,soft,mazes-s40_wc4_od30,100,0,finish,512,5,111,100,1.0,1.0
PIBT,soft,mazes-s40_wc4_od30,100,42,finish,512,5,114,100,1.0,1.0
PIBT,soft,mazes-s40_wc4_od30,300,0,finish,512,5,512,298,0.9933333333333333,0.0
PIBT,soft,mazes-s40_wc4_od30,300,42,finish,512,5,143,300,1.0,1.0
PIBT,soft,mazes-s40_wc4_od30,600,0,finish,512,5,512,594,0.99,0.0
PIBT,soft,mazes-s40_wc4_od30,600,42,finish,512,5,512,598,0.9966666666666667,0.0
PIBT,soft,random-s40_d0.15,100,0,finish,512,5,109,100,1.0,1.0
PIBT,soft,random-s40_d0.15,100,42,finish,512,5,81,100,1.0,1.0
PIBT,soft,random-s40_d0.15,300,0,finish,512,5,109,300,1.0,1.0
PIBT,soft,random-s40_d0.15,300,42,finish,512,5,91,300,1.0,1.0
PIBT,soft,random-s40_d0.15,600,0,finish,512,5,109,600,1.0,1.0
PIBT,soft,random-s40_d0.15,600,42,finish,512,5,99,600,1.0,1.0
PIBT,soft,sc1-TheFrozenSea,100,0,finish,512,5,103,100,1.0,1.0
PIBT,soft,sc1-TheFrozenSea,100,42,finish,512,5,97,100,1.0,1.0
PIBT,soft,sc1-TheFrozenSea,300,0,finish,512,5,119,300,1.0,1.0
PIBT,soft,sc1-TheFrozenSea,300,42,finish,512,5,123,300,1.0,1.0
PIBT,soft,sc1-TheFrozenSea,600,0,finish,512,5,200,600,1.0,1.0
PIBT,soft,sc1-TheFrozenSea,600,42,finish,512,5,186,600,1.0,1.0
PIBT,soft,street-Shanghai_0,100,0,finish,512,5,105,100,1.0,1.0
PIBT,soft,street-Shanghai_0,100,42,finish,512,5,103,100,1.0,1.0
PIBT,soft,street-Shanghai_0,300,0,finish,512,5,113,300,1.0,1.0
PIBT,soft,street-Shanghai_0,300,42,finish,512,5,105,300,1.0,1.0
PIBT,soft,street-Shanghai_0,600,0,finish,512,5,197,600,1.0,1.0
PIBT,soft,street-Shanghai_0,600,42,finish,512,5,206,600,1.0,1.0
RePlan,block_both,mazes-s40_wc4_od30,100,0,finish,512,5,167,100,1.0,1.0
RePlan,block_both,mazes-s40_wc4_od30,100,42,finish,512,5,169,100,1.0,1.0
RePlan,block_both,mazes-s40_wc4_od30,300,0,finish,512,5,436,300,1.0,1.0
RePlan,block_both,mazes-s40_wc4_od30,300,42,finish,512,5,386,300,1.0,1.0
RePlan,block_both,mazes-s40_wc4_od30,600,0,finish,512,5,512,431,0.7183333333333334,0.0
RePlan,block_both,mazes-s40_wc4_od30,600,42,finish,512,5,512,431,0.7183333333333334,0.0
RePlan,block_both,random-s40_d0.15,100,0,finish,512,5,111,100,1.0,1.0
RePlan,block_both,random-s40_d0.15,100,42,finish,512,5,96,100,1.0,1.0
RePlan,block_both,random-s40_d0.15,300,0,finish,512,5,142,300,1.0,1.0
RePlan,block_both,random-s40_d0.15,300,42,finish,512,5,136,300,1.0,1.0
RePlan,block_both,random-s40_d0.15,600,0,finish,512,5,265,600,1.0,1.0
RePlan,block_both,random-s40_d0.15,600,42,finish,512,5,269,600,1.0,1.0
RePlan,block_both,sc1-TheFrozenSea,100,0,finish,512,5,164,100,1.0,1.0
RePlan,block_both,sc1-TheFrozenSea,100,42,finish,512,5,173,100,1.0,1.0
RePlan,block_both,sc1-TheFrozenSea,300,0,finish,512,5,383,300,1.0,1.0
RePlan,block_both,sc1-TheFrozenSea,300,42,finish,512,5,371,300,1.0,1.0
RePlan,block_both,sc1-TheFrozenSea,600,0,finish,512,5,512,539,0.8983333333333333,0.0
RePlan,block_both,sc1-TheFrozenSea,600,42,finish,512,5,512,523,0.8716666666666667,0.0
RePlan,block_both,street-Shanghai_0,100,0,finish,512,5,234,100,1.0,1.0
RePlan,block_both,street-Shanghai_0,100,42,finish,512,5,282,100,1.0,1.0
RePlan,block_both,street-Shanghai_0,300,0,finish,512,5,304,300,1.0,1.0
RePlan,block_both,street-Shanghai_0,300,42,finish,512,5,304,300,1.0,1.0
RePlan,block_both,street-Shanghai_0,600,0,finish,512,5,512,590,0.9833333333333333,0.0
RePlan,block_both,street-Shanghai_0,600,42,finish,512,5,512,598,0.9966666666666667,0.0
RePlan,soft,mazes-s40_wc4_od30,100,0,finish,512,5,187,100,1.0,1.0
RePlan,soft,mazes-s40_wc4_od30,100,42,finish,512,5,191,100,1.0,1.0
RePlan,soft,mazes-s40_wc4_od30,300,0,finish,512,5,394,300,1.0,1.0
RePlan,soft,mazes-s40_wc4_od30,300,42,finish,512,5,377,300,1.0,1.0
RePlan,soft,mazes-s40_wc4_od30,600,0,finish,512,5,512,456,0.76,0.0
RePlan,soft,mazes-s40_wc4_od30,600,42,finish,512,5,512,489,0.815,0.0
RePlan,soft,random-s40_d0.15,100,0,finish,512,5,111,100,1.0,1.0
RePlan,soft,random-s40_d0.15,100,42,finish,512,5,97,100,1.0,1.0
RePlan,soft,random-s40_d0.15,300,0,finish,512,5,146,300,1.0,1.0
RePlan,soft,random-s40_d0.15,300,42,finish,512,5,128,300,1.0,1.0
RePlan,soft,random-s40_d0.15,600,0,finish,512,5,227,600,1.0,1.0
RePlan,soft,random-s40_d0.15,600,42,finish,512,5,229,600,1.0,1.0
RePlan,soft,sc1-TheFrozenSea,100,0,finish,512,5,167,100,1.0,1.0
RePlan,soft,sc1-TheFrozenSea,100,42,finish,512,5,178,100,1.0,1.0
RePlan,soft,sc1-TheFrozenSea,300,0,finish,512,5,336,300,1.0,1.0
RePlan,soft,sc1-TheFrozenSea,300,42,finish,512,5,311,300,1.0,1.0
RePlan,soft,sc1-TheFrozenSea,600,0,finish,512,5,512,573,0.955,0.0
RePlan,soft,sc1-TheFrozenSea,600,42,finish,512,5,512,593,0.9883333333333333,0.0
RePlan,soft,street-Shanghai_0,100,0,finish,512,5,235,100,1.0,1.0
RePlan,soft,street-Shanghai_0,100,42,finish,512,5,215,100,1.0,1.0
RePlan,soft,street-Shanghai_0,300,0,finish,512,5,279,300,1.0,1.0
RePlan,soft,street-Shanghai_0,300,42,finish,512,5,262,300,1.0,1.0
RePlan,soft,street-Shanghai_0,600,0,finish,512,5,446,600,1.0,1.0
RePlan,soft,street-Shanghai_0,600,42,finish,512,5,505,600,1.0,1.0
SRSLM,block_both,mazes-s40_wc4_od30,100,0,finish,512,5,154,100,1.0,1.0
SRSLM,block_both,mazes-s40_wc4_od30,100,42,finish,512,5,185,100,1.0,1.0
SRSLM,block_both,mazes-s40_wc4_od30,300,0,finish,512,5,512,298,0.9933333333333333,0.0
SRSLM,block_both,mazes-s40_wc4_od30,300,42,finish,512,5,290,300,1.0,1.0
SRSLM,block_both,mazes-s40_wc4_od30,600,0,finish,512,5,462,600,1.0,1.0
SRSLM,block_both,mazes-s40_wc4_od30,600,42,finish,512,5,512,597,0.995,0.0
SRSLM,block_both,random-s40_d0.15,100,0,finish,512,5,111,100,1.0,1.0
SRSLM,block_both,random-s40_d0.15,100,42,finish,512,5,102,100,1.0,1.0
SRSLM,block_both,random-s40_d0.15,300,0,finish,512,5,132,300,1.0,1.0
SRSLM,block_both,random-s40_d0.15,300,42,finish,512,5,119,300,1.0,1.0
SRSLM,block_both,random-s40_d0.15,600,0,finish,512,5,220,600,1.0,1.0
SRSLM,block_both,random-s40_d0.15,600,42,finish,512,5,217,600,1.0,1.0
SRSLM,block_both,sc1-TheFrozenSea,100,0,finish,512,5,291,100,1.0,1.0
SRSLM,block_both,sc1-TheFrozenSea,100,42,finish,512,5,173,100,1.0,1.0
SRSLM,block_both,sc1-TheFrozenSea,300,0,finish,512,5,393,300,1.0,1.0
SRSLM,block_both,sc1-TheFrozenSea,300,42,finish,512,5,308,300,1.0,1.0
SRSLM,block_both,sc1-TheFrozenSea,600,0,finish,512,5,512,598,0.9966666666666667,0.0
SRSLM,block_both,sc1-TheFrozenSea,600,42,finish,512,5,512,597,0.995,0.0
SRSLM,block_both,street-Shanghai_0,100,0,finish,512,5,512,99,0.99,0.0
SRSLM,block_both,street-Shanghai_0,100,42,finish,512,5,512,99,0.99,0.0
SRSLM,block_both,street-Shanghai_0,300,0,finish,512,5,512,296,0.9866666666666667,0.0
SRSLM,block_both,street-Shanghai_0,300,42,finish,512,5,512,298,0.9933333333333333,0.0
SRSLM,block_both,street-Shanghai_0,600,0,finish,512,5,512,592,0.9866666666666667,0.0
SRSLM,block_both,street-Shanghai_0,600,42,finish,512,5,512,597,0.995,0.0
SRSLM,soft,mazes-s40_wc4_od30,100,0,finish,512,5,151,100,1.0,1.0
SRSLM,soft,mazes-s40_wc4_od30,100,42,finish,512,5,180,100,1.0,1.0
SRSLM,soft,mazes-s40_wc4_od30,300,0,finish,512,5,228,300,1.0,1.0
SRSLM,soft,mazes-s40_wc4_od30,300,42,finish,512,5,234,300,1.0,1.0
SRSLM,soft,mazes-s40_wc4_od30,600,0,finish,512,5,487,600,1.0,1.0
SRSLM,soft,mazes-s40_wc4_od30,600,42,finish,512,5,512,599,0.9983333333333333,0.0
SRSLM,soft,random-s40_d0.15,100,0,finish,512,5,109,100,1.0,1.0
SRSLM,soft,random-s40_d0.15,100,42,finish,512,5,95,100,1.0,1.0
SRSLM,soft,random-s40_d0.15,300,0,finish,512,5,126,300,1.0,1.0
SRSLM,soft,random-s40_d0.15,300,42,finish,512,5,135,300,1.0,1.0
SRSLM,soft,random-s40_d0.15,600,0,finish,512,5,163,600,1.0,1.0
SRSLM,soft,random-s40_d0.15,600,42,finish,512,5,158,600,1.0,1.0
SRSLM,soft,sc1-TheFrozenSea,100,0,finish,512,5,207,100,1.0,1.0
SRSLM,soft,sc1-TheFrozenSea,100,42,finish,512,5,274,100,1.0,1.0
SRSLM,soft,sc1-TheFrozenSea,300,0,finish,512,5,512,299,0.9966666666666667,0.0
SRSLM,soft,sc1-TheFrozenSea,300,42,finish,512,5,243,300,1.0,1.0
SRSLM,soft,sc1-TheFrozenSea,600,0,finish,512,5,512,597,0.995,0.0
SRSLM,soft,sc1-TheFrozenSea,600,42,finish,512,5,482,600,1.0,1.0
SRSLM,soft,street-Shanghai_0,100,0,finish,512,5,512,98,0.98,0.0
SRSLM,soft,street-Shanghai_0,100,42,finish,512,5,512,99,0.99,0.0
SRSLM,soft,street-Shanghai_0,300,0,finish,512,5,512,298,0.9933333333333333,0.0
SRSLM,soft,street-Shanghai_0,300,42,finish,512,5,512,298,0.9933333333333333,0.0
SRSLM,soft,street-Shanghai_0,600,0,finish,512,5,512,593,0.9883333333333333,0.0
SRSLM,soft,street-Shanghai_0,600,42,finish,512,5,512,591,0.985,0.0
